term,gene_ratio,count,p_adjust
Synaptic signaling,0.114,51,0.01652792803093717
Ion transport,0.279,30,0.012315148525999344
Immune response,0.201,70,0.004572544043566915
Cell cycle,0.179,47,0.0012172209429567832
Oxidative phosphorylation,0.325,46,0.0069962505373935835
Apoptosis,0.439,51,0.01823391860141401
MAPK cascade,0.437,28,0.027144927766830834
Lipid metabolism,0.319,73,0.00026151896936784204
DNA repair,0.382,36,0.013776751855394929
Chemotaxis,0.234,37,0.02437710320136449
